"Pathway_ID","Pathway_Name","Gene_ID","Gene_Name","NES","pvalue","p.adjust","qvalue","Leading_Edge"
"GO:0098798","mitochondrial protein-containing complex","101105837","MRPL20",-2.25185913285263,5.86091898714124e-06,0.00054741792746511,0.000465760549138572,"tags=100%, list=43%, signal=57%"
"GO:0098798","mitochondrial protein-containing complex","101104665","MRPL52",-2.25185913285263,5.86091898714124e-06,0.00054741792746511,0.000465760549138572,"tags=100%, list=43%, signal=57%"
"GO:0098798","mitochondrial protein-containing complex","101116355","MRPS18A",-2.25185913285263,5.86091898714124e-06,0.00054741792746511,0.000465760549138572,"tags=100%, list=43%, signal=57%"
"GO:0098798","mitochondrial protein-containing complex","101118849","LOC101118849",-2.25185913285263,5.86091898714124e-06,0.00054741792746511,0.000465760549138572,"tags=100%, list=43%, signal=57%"
"GO:0098798","mitochondrial protein-containing complex","101106861","MRPL27",-2.25185913285263,5.86091898714124e-06,0.00054741792746511,0.000465760549138572,"tags=100%, list=43%, signal=57%"
"GO:0098798","mitochondrial protein-containing complex","101116494","MRPS14",-2.25185913285263,5.86091898714124e-06,0.00054741792746511,0.000465760549138572,"tags=100%, list=43%, signal=57%"
"GO:0098798","mitochondrial protein-containing complex","101114224","MRPL11",-2.25185913285263,5.86091898714124e-06,0.00054741792746511,0.000465760549138572,"tags=100%, list=43%, signal=57%"
"GO:0098798","mitochondrial protein-containing complex","101103920","MRPL48",-2.25185913285263,5.86091898714124e-06,0.00054741792746511,0.000465760549138572,"tags=100%, list=43%, signal=57%"
"GO:0098798","mitochondrial protein-containing complex","101121865","MRPS31",-2.25185913285263,5.86091898714124e-06,0.00054741792746511,0.000465760549138572,"tags=100%, list=43%, signal=57%"
"GO:0098798","mitochondrial protein-containing complex","101113805","MRPS15",-2.25185913285263,5.86091898714124e-06,0.00054741792746511,0.000465760549138572,"tags=100%, list=43%, signal=57%"
"GO:0098798","mitochondrial protein-containing complex","101109702","MICOS13",-2.25185913285263,5.86091898714124e-06,0.00054741792746511,0.000465760549138572,"tags=100%, list=43%, signal=57%"
"GO:0098798","mitochondrial protein-containing complex","101116765","MCCC2",-2.25185913285263,5.86091898714124e-06,0.00054741792746511,0.000465760549138572,"tags=100%, list=43%, signal=57%"
"GO:0098798","mitochondrial protein-containing complex","101105152","DLD",-2.25185913285263,5.86091898714124e-06,0.00054741792746511,0.000465760549138572,"tags=100%, list=43%, signal=57%"
"GO:0098798","mitochondrial protein-containing complex","101123430","TIMM21",-2.25185913285263,5.86091898714124e-06,0.00054741792746511,0.000465760549138572,"tags=100%, list=43%, signal=57%"
"GO:0098798","mitochondrial protein-containing complex","101107189","NDUFB2",-2.25185913285263,5.86091898714124e-06,0.00054741792746511,0.000465760549138572,"tags=100%, list=43%, signal=57%"
"GO:0098798","mitochondrial protein-containing complex","101120193","KGD4",-2.25185913285263,5.86091898714124e-06,0.00054741792746511,0.000465760549138572,"tags=100%, list=43%, signal=57%"
"GO:0098798","mitochondrial protein-containing complex","101103257","NDUFA3",-2.25185913285263,5.86091898714124e-06,0.00054741792746511,0.000465760549138572,"tags=100%, list=43%, signal=57%"
"GO:0098798","mitochondrial protein-containing complex","100462693","NDUFB6",-2.25185913285263,5.86091898714124e-06,0.00054741792746511,0.000465760549138572,"tags=100%, list=43%, signal=57%"
"GO:0098798","mitochondrial protein-containing complex","808257","ND4",-2.25185913285263,5.86091898714124e-06,0.00054741792746511,0.000465760549138572,"tags=100%, list=43%, signal=57%"
"GO:0098798","mitochondrial protein-containing complex","808255","ND3",-2.25185913285263,5.86091898714124e-06,0.00054741792746511,0.000465760549138572,"tags=100%, list=43%, signal=57%"
"GO:0098798","mitochondrial protein-containing complex","101110066","LOC101110066",-2.25185913285263,5.86091898714124e-06,0.00054741792746511,0.000465760549138572,"tags=100%, list=43%, signal=57%"
"GO:0098798","mitochondrial protein-containing complex","101114570","ATP5PB",-2.25185913285263,5.86091898714124e-06,0.00054741792746511,0.000465760549138572,"tags=100%, list=43%, signal=57%"
"GO:0098798","mitochondrial protein-containing complex","101117919","SAMM50",-2.25185913285263,5.86091898714124e-06,0.00054741792746511,0.000465760549138572,"tags=100%, list=43%, signal=57%"
"GO:0098798","mitochondrial protein-containing complex","100217408","ATP5PD",-2.25185913285263,5.86091898714124e-06,0.00054741792746511,0.000465760549138572,"tags=100%, list=43%, signal=57%"
"GO:0098798","mitochondrial protein-containing complex","100305129","MRPL32",-2.25185913285263,5.86091898714124e-06,0.00054741792746511,0.000465760549138572,"tags=100%, list=43%, signal=57%"
"GO:0098798","mitochondrial protein-containing complex","101113910","APOO",-2.25185913285263,5.86091898714124e-06,0.00054741792746511,0.000465760549138572,"tags=100%, list=43%, signal=57%"
"GO:0098798","mitochondrial protein-containing complex","101108778","LOC101108778",-2.25185913285263,5.86091898714124e-06,0.00054741792746511,0.000465760549138572,"tags=100%, list=43%, signal=57%"
"GO:0098798","mitochondrial protein-containing complex","101116256","MRPS27",-2.25185913285263,5.86091898714124e-06,0.00054741792746511,0.000465760549138572,"tags=100%, list=43%, signal=57%"
"GO:0098798","mitochondrial protein-containing complex","101113486","MRPL51",-2.25185913285263,5.86091898714124e-06,0.00054741792746511,0.000465760549138572,"tags=100%, list=43%, signal=57%"
"GO:0098798","mitochondrial protein-containing complex","100145872","CHCHD3",-2.25185913285263,5.86091898714124e-06,0.00054741792746511,0.000465760549138572,"tags=100%, list=43%, signal=57%"
"GO:0098798","mitochondrial protein-containing complex","101104823","NDUFA13",-2.25185913285263,5.86091898714124e-06,0.00054741792746511,0.000465760549138572,"tags=100%, list=43%, signal=57%"
"GO:0098798","mitochondrial protein-containing complex","101112812","MRPL34",-2.25185913285263,5.86091898714124e-06,0.00054741792746511,0.000465760549138572,"tags=100%, list=43%, signal=57%"
"GO:0098798","mitochondrial protein-containing complex","101113180","MRPL2",-2.25185913285263,5.86091898714124e-06,0.00054741792746511,0.000465760549138572,"tags=100%, list=43%, signal=57%"
"GO:0098798","mitochondrial protein-containing complex","101119721","LOC101119721",-2.25185913285263,5.86091898714124e-06,0.00054741792746511,0.000465760549138572,"tags=100%, list=43%, signal=57%"
"GO:0098798","mitochondrial protein-containing complex","101122393","NDUFA10",-2.25185913285263,5.86091898714124e-06,0.00054741792746511,0.000465760549138572,"tags=100%, list=43%, signal=57%"
"GO:0098798","mitochondrial protein-containing complex","101113949","TIMM17A",-2.25185913285263,5.86091898714124e-06,0.00054741792746511,0.000465760549138572,"tags=100%, list=43%, signal=57%"
"GO:0098798","mitochondrial protein-containing complex","808260","CYTB",-2.25185913285263,5.86091898714124e-06,0.00054741792746511,0.000465760549138572,"tags=100%, list=43%, signal=57%"
"GO:0098798","mitochondrial protein-containing complex","808253","ATP8",-2.25185913285263,5.86091898714124e-06,0.00054741792746511,0.000465760549138572,"tags=100%, list=43%, signal=57%"
"GO:0098798","mitochondrial protein-containing complex","101104080","IDH3B",-2.25185913285263,5.86091898714124e-06,0.00054741792746511,0.000465760549138572,"tags=100%, list=43%, signal=57%"
"GO:0098798","mitochondrial protein-containing complex","808261","COX3",-2.25185913285263,5.86091898714124e-06,0.00054741792746511,0.000465760549138572,"tags=100%, list=43%, signal=57%"
"GO:0098798","mitochondrial protein-containing complex","808252","COX2",-2.25185913285263,5.86091898714124e-06,0.00054741792746511,0.000465760549138572,"tags=100%, list=43%, signal=57%"
"GO:0098798","mitochondrial protein-containing complex","101119880","HSD17B10",-2.25185913285263,5.86091898714124e-06,0.00054741792746511,0.000465760549138572,"tags=100%, list=43%, signal=57%"
"GO:0098798","mitochondrial protein-containing complex","808254","ATP6",-2.25185913285263,5.86091898714124e-06,0.00054741792746511,0.000465760549138572,"tags=100%, list=43%, signal=57%"
"GO:0098798","mitochondrial protein-containing complex","443410","ATP5MC1",-2.25185913285263,5.86091898714124e-06,0.00054741792746511,0.000465760549138572,"tags=100%, list=43%, signal=57%"
"GO:0098798","mitochondrial protein-containing complex","808251","COX1",-2.25185913285263,5.86091898714124e-06,0.00054741792746511,0.000465760549138572,"tags=100%, list=43%, signal=57%"
"GO:0098798","mitochondrial protein-containing complex","808250","ND2",-2.25185913285263,5.86091898714124e-06,0.00054741792746511,0.000465760549138572,"tags=100%, list=43%, signal=57%"
"GO:0042613","MHC class II protein complex","100144749","DYA",-2.08011065244838,8.50908695541621e-06,0.00054741792746511,0.000465760549138572,"tags=100%, list=9%, signal=91%"
"GO:0042613","MHC class II protein complex","101110545","LOC101110545",-2.08011065244838,8.50908695541621e-06,0.00054741792746511,0.000465760549138572,"tags=100%, list=9%, signal=91%"
"GO:0042613","MHC class II protein complex","101108696","LOC101108696",-2.08011065244838,8.50908695541621e-06,0.00054741792746511,0.000465760549138572,"tags=100%, list=9%, signal=91%"
"GO:0042613","MHC class II protein complex","101108962","DQA",-2.08011065244838,8.50908695541621e-06,0.00054741792746511,0.000465760549138572,"tags=100%, list=9%, signal=91%"
"GO:0042613","MHC class II protein complex","101109747","LOC101109747",-2.08011065244838,8.50908695541621e-06,0.00054741792746511,0.000465760549138572,"tags=100%, list=9%, signal=91%"
"GO:0005739","mitochondrion","101118247","STOML2",-1.87808621519645,6.62533266472806e-06,0.00054741792746511,0.000465760549138572,"tags=74%, list=39%, signal=46%"
"GO:0005739","mitochondrion","101111742","TIMM8B",-1.87808621519645,6.62533266472806e-06,0.00054741792746511,0.000465760549138572,"tags=74%, list=39%, signal=46%"
"GO:0005739","mitochondrion","101106179","NDUFB9",-1.87808621519645,6.62533266472806e-06,0.00054741792746511,0.000465760549138572,"tags=74%, list=39%, signal=46%"
"GO:0005739","mitochondrion","101108874","TP63",-1.87808621519645,6.62533266472806e-06,0.00054741792746511,0.000465760549138572,"tags=74%, list=39%, signal=46%"
"GO:0005739","mitochondrion","101105454","SIRT3",-1.87808621519645,6.62533266472806e-06,0.00054741792746511,0.000465760549138572,"tags=74%, list=39%, signal=46%"
"GO:0005739","mitochondrion","101106861","MRPL27",-1.87808621519645,6.62533266472806e-06,0.00054741792746511,0.000465760549138572,"tags=74%, list=39%, signal=46%"
"GO:0005739","mitochondrion","101116494","MRPS14",-1.87808621519645,6.62533266472806e-06,0.00054741792746511,0.000465760549138572,"tags=74%, list=39%, signal=46%"
"GO:0005739","mitochondrion","101119706","LOC101119706",-1.87808621519645,6.62533266472806e-06,0.00054741792746511,0.000465760549138572,"tags=74%, list=39%, signal=46%"
"GO:0005739","mitochondrion","101115108","TSFM",-1.87808621519645,6.62533266472806e-06,0.00054741792746511,0.000465760549138572,"tags=74%, list=39%, signal=46%"
"GO:0005739","mitochondrion","101105774","PDHX",-1.87808621519645,6.62533266472806e-06,0.00054741792746511,0.000465760549138572,"tags=74%, list=39%, signal=46%"
"GO:0005739","mitochondrion","101106021","C1QBP",-1.87808621519645,6.62533266472806e-06,0.00054741792746511,0.000465760549138572,"tags=74%, list=39%, signal=46%"
"GO:0005739","mitochondrion","101114224","MRPL11",-1.87808621519645,6.62533266472806e-06,0.00054741792746511,0.000465760549138572,"tags=74%, list=39%, signal=46%"
"GO:0005739","mitochondrion","101105616","SDHC",-1.87808621519645,6.62533266472806e-06,0.00054741792746511,0.000465760549138572,"tags=74%, list=39%, signal=46%"
"GO:0005739","mitochondrion","101105775","TIMM10",-1.87808621519645,6.62533266472806e-06,0.00054741792746511,0.000465760549138572,"tags=74%, list=39%, signal=46%"
"GO:0005739","mitochondrion","101103920","MRPL48",-1.87808621519645,6.62533266472806e-06,0.00054741792746511,0.000465760549138572,"tags=74%, list=39%, signal=46%"
"GO:0005739","mitochondrion","101121865","MRPS31",-1.87808621519645,6.62533266472806e-06,0.00054741792746511,0.000465760549138572,"tags=74%, list=39%, signal=46%"
"GO:0005739","mitochondrion","101106940","SMIM20",-1.87808621519645,6.62533266472806e-06,0.00054741792746511,0.000465760549138572,"tags=74%, list=39%, signal=46%"
"GO:0005739","mitochondrion","101111700","SFXN5",-1.87808621519645,6.62533266472806e-06,0.00054741792746511,0.000465760549138572,"tags=74%, list=39%, signal=46%"
"GO:0005739","mitochondrion","101121590","LOC101121590",-1.87808621519645,6.62533266472806e-06,0.00054741792746511,0.000465760549138572,"tags=74%, list=39%, signal=46%"
"GO:0005739","mitochondrion","101105967","TIMMDC1",-1.87808621519645,6.62533266472806e-06,0.00054741792746511,0.000465760549138572,"tags=74%, list=39%, signal=46%"
"GO:0005739","mitochondrion","101113805","MRPS15",-1.87808621519645,6.62533266472806e-06,0.00054741792746511,0.000465760549138572,"tags=74%, list=39%, signal=46%"
"GO:0005739","mitochondrion","101109702","MICOS13",-1.87808621519645,6.62533266472806e-06,0.00054741792746511,0.000465760549138572,"tags=74%, list=39%, signal=46%"
"GO:0005739","mitochondrion","101117623","SUCLG2",-1.87808621519645,6.62533266472806e-06,0.00054741792746511,0.000465760549138572,"tags=74%, list=39%, signal=46%"
"GO:0005739","mitochondrion","101114253","NDUFA8",-1.87808621519645,6.62533266472806e-06,0.00054741792746511,0.000465760549138572,"tags=74%, list=39%, signal=46%"
"GO:0005739","mitochondrion","101105896","IMMT",-1.87808621519645,6.62533266472806e-06,0.00054741792746511,0.000465760549138572,"tags=74%, list=39%, signal=46%"
"GO:0005739","mitochondrion","101116765","MCCC2",-1.87808621519645,6.62533266472806e-06,0.00054741792746511,0.000465760549138572,"tags=74%, list=39%, signal=46%"
"GO:0005739","mitochondrion","101105152","DLD",-1.87808621519645,6.62533266472806e-06,0.00054741792746511,0.000465760549138572,"tags=74%, list=39%, signal=46%"
"GO:0005739","mitochondrion","101112853","ALAS1",-1.87808621519645,6.62533266472806e-06,0.00054741792746511,0.000465760549138572,"tags=74%, list=39%, signal=46%"
"GO:0005739","mitochondrion","101112539","HINT2",-1.87808621519645,6.62533266472806e-06,0.00054741792746511,0.000465760549138572,"tags=74%, list=39%, signal=46%"
"GO:0005739","mitochondrion","101123430","TIMM21",-1.87808621519645,6.62533266472806e-06,0.00054741792746511,0.000465760549138572,"tags=74%, list=39%, signal=46%"
"GO:0005739","mitochondrion","101116032","MIGA2",-1.87808621519645,6.62533266472806e-06,0.00054741792746511,0.000465760549138572,"tags=74%, list=39%, signal=46%"
"GO:0005739","mitochondrion","101118248","LOC101118248",-1.87808621519645,6.62533266472806e-06,0.00054741792746511,0.000465760549138572,"tags=74%, list=39%, signal=46%"
"GO:0005739","mitochondrion","100302102","FH",-1.87808621519645,6.62533266472806e-06,0.00054741792746511,0.000465760549138572,"tags=74%, list=39%, signal=46%"
"GO:0005739","mitochondrion","101113851","LIAS",-1.87808621519645,6.62533266472806e-06,0.00054741792746511,0.000465760549138572,"tags=74%, list=39%, signal=46%"
"GO:0005739","mitochondrion","101119050","LOC101119050",-1.87808621519645,6.62533266472806e-06,0.00054741792746511,0.000465760549138572,"tags=74%, list=39%, signal=46%"
"GO:0005739","mitochondrion","101107189","NDUFB2",-1.87808621519645,6.62533266472806e-06,0.00054741792746511,0.000465760549138572,"tags=74%, list=39%, signal=46%"
"GO:0005739","mitochondrion","101105782","CHCHD4",-1.87808621519645,6.62533266472806e-06,0.00054741792746511,0.000465760549138572,"tags=74%, list=39%, signal=46%"
"GO:0005739","mitochondrion","101119084","HPDL",-1.87808621519645,6.62533266472806e-06,0.00054741792746511,0.000465760549138572,"tags=74%, list=39%, signal=46%"
"GO:0005739","mitochondrion","101120193","KGD4",-1.87808621519645,6.62533266472806e-06,0.00054741792746511,0.000465760549138572,"tags=74%, list=39%, signal=46%"
"GO:0005739","mitochondrion","101115998","SLC25A27",-1.87808621519645,6.62533266472806e-06,0.00054741792746511,0.000465760549138572,"tags=74%, list=39%, signal=46%"
"GO:0005739","mitochondrion","101116001","LOC101116001",-1.87808621519645,6.62533266472806e-06,0.00054741792746511,0.000465760549138572,"tags=74%, list=39%, signal=46%"
"GO:0005739","mitochondrion","101103257","NDUFA3",-1.87808621519645,6.62533266472806e-06,0.00054741792746511,0.000465760549138572,"tags=74%, list=39%, signal=46%"
"GO:0005739","mitochondrion","101106662","NDUFB3",-1.87808621519645,6.62533266472806e-06,0.00054741792746511,0.000465760549138572,"tags=74%, list=39%, signal=46%"
"GO:0005739","mitochondrion","101103062","NDUFA7",-1.87808621519645,6.62533266472806e-06,0.00054741792746511,0.000465760549138572,"tags=74%, list=39%, signal=46%"
"GO:0005739","mitochondrion","100147788","SLC25A5",-1.87808621519645,6.62533266472806e-06,0.00054741792746511,0.000465760549138572,"tags=74%, list=39%, signal=46%"
"GO:0005739","mitochondrion","100462693","NDUFB6",-1.87808621519645,6.62533266472806e-06,0.00054741792746511,0.000465760549138572,"tags=74%, list=39%, signal=46%"
"GO:0005739","mitochondrion","808257","ND4",-1.87808621519645,6.62533266472806e-06,0.00054741792746511,0.000465760549138572,"tags=74%, list=39%, signal=46%"
"GO:0005739","mitochondrion","100147780","SLC25A33",-1.87808621519645,6.62533266472806e-06,0.00054741792746511,0.000465760549138572,"tags=74%, list=39%, signal=46%"
"GO:0005739","mitochondrion","101121911","OXSM",-1.87808621519645,6.62533266472806e-06,0.00054741792746511,0.000465760549138572,"tags=74%, list=39%, signal=46%"
"GO:0005739","mitochondrion","101118455","LOC101118455",-1.87808621519645,6.62533266472806e-06,0.00054741792746511,0.000465760549138572,"tags=74%, list=39%, signal=46%"
"GO:0005739","mitochondrion","100217404","SIRT4",-1.87808621519645,6.62533266472806e-06,0.00054741792746511,0.000465760549138572,"tags=74%, list=39%, signal=46%"
"GO:0005739","mitochondrion","101115921","MPC2",-1.87808621519645,6.62533266472806e-06,0.00054741792746511,0.000465760549138572,"tags=74%, list=39%, signal=46%"
"GO:0005739","mitochondrion","808249","ND1",-1.87808621519645,6.62533266472806e-06,0.00054741792746511,0.000465760549138572,"tags=74%, list=39%, signal=46%"
"GO:0005739","mitochondrion","101120254","MRPS23",-1.87808621519645,6.62533266472806e-06,0.00054741792746511,0.000465760549138572,"tags=74%, list=39%, signal=46%"
"GO:0005739","mitochondrion","100147800","SLC25A10",-1.87808621519645,6.62533266472806e-06,0.00054741792746511,0.000465760549138572,"tags=74%, list=39%, signal=46%"
"GO:0005739","mitochondrion","808255","ND3",-1.87808621519645,6.62533266472806e-06,0.00054741792746511,0.000465760549138572,"tags=74%, list=39%, signal=46%"
"GO:0005739","mitochondrion","808256","ND4L",-1.87808621519645,6.62533266472806e-06,0.00054741792746511,0.000465760549138572,"tags=74%, list=39%, signal=46%"
"GO:0005739","mitochondrion","101122597","LOC101122597",-1.87808621519645,6.62533266472806e-06,0.00054741792746511,0.000465760549138572,"tags=74%, list=39%, signal=46%"
"GO:0005739","mitochondrion","101108008","NDUFB5",-1.87808621519645,6.62533266472806e-06,0.00054741792746511,0.000465760549138572,"tags=74%, list=39%, signal=46%"
"GO:0005739","mitochondrion","101113437","NDUFB1",-1.87808621519645,6.62533266472806e-06,0.00054741792746511,0.000465760549138572,"tags=74%, list=39%, signal=46%"
"GO:0005739","mitochondrion","101110066","LOC101110066",-1.87808621519645,6.62533266472806e-06,0.00054741792746511,0.000465760549138572,"tags=74%, list=39%, signal=46%"
"GO:0005739","mitochondrion","101119821","PPM1K",-1.87808621519645,6.62533266472806e-06,0.00054741792746511,0.000465760549138572,"tags=74%, list=39%, signal=46%"
"GO:0005739","mitochondrion","101108658","DLST",-1.87808621519645,6.62533266472806e-06,0.00054741792746511,0.000465760549138572,"tags=74%, list=39%, signal=46%"
"GO:0005739","mitochondrion","101118915","ACAD11",-1.87808621519645,6.62533266472806e-06,0.00054741792746511,0.000465760549138572,"tags=74%, list=39%, signal=46%"
"GO:0005739","mitochondrion","101114570","ATP5PB",-1.87808621519645,6.62533266472806e-06,0.00054741792746511,0.000465760549138572,"tags=74%, list=39%, signal=46%"
"GO:0005739","mitochondrion","101111570","TOMM40",-1.87808621519645,6.62533266472806e-06,0.00054741792746511,0.000465760549138572,"tags=74%, list=39%, signal=46%"
"GO:0005739","mitochondrion","101122667","LOC101122667",-1.87808621519645,6.62533266472806e-06,0.00054741792746511,0.000465760549138572,"tags=74%, list=39%, signal=46%"
"GO:0005739","mitochondrion","101121574","AIFM1",-1.87808621519645,6.62533266472806e-06,0.00054741792746511,0.000465760549138572,"tags=74%, list=39%, signal=46%"
"GO:0005739","mitochondrion","101117919","SAMM50",-1.87808621519645,6.62533266472806e-06,0.00054741792746511,0.000465760549138572,"tags=74%, list=39%, signal=46%"
"GO:0005739","mitochondrion","101114379","LOC101114379",-1.87808621519645,6.62533266472806e-06,0.00054741792746511,0.000465760549138572,"tags=74%, list=39%, signal=46%"
"GO:0005739","mitochondrion","101118780","SLC25A13",-1.87808621519645,6.62533266472806e-06,0.00054741792746511,0.000465760549138572,"tags=74%, list=39%, signal=46%"
"GO:0005739","mitochondrion","100217412","SLC25A3",-1.87808621519645,6.62533266472806e-06,0.00054741792746511,0.000465760549138572,"tags=74%, list=39%, signal=46%"
"GO:0005739","mitochondrion","101121751","MRPL44",-1.87808621519645,6.62533266472806e-06,0.00054741792746511,0.000465760549138572,"tags=74%, list=39%, signal=46%"
"GO:0005739","mitochondrion","101105643","PTCD3",-1.87808621519645,6.62533266472806e-06,0.00054741792746511,0.000465760549138572,"tags=74%, list=39%, signal=46%"
"GO:0005739","mitochondrion","101110965","DLAT",-1.87808621519645,6.62533266472806e-06,0.00054741792746511,0.000465760549138572,"tags=74%, list=39%, signal=46%"
"GO:0005739","mitochondrion","100217408","ATP5PD",-1.87808621519645,6.62533266472806e-06,0.00054741792746511,0.000465760549138572,"tags=74%, list=39%, signal=46%"
"GO:0005739","mitochondrion","100305129","MRPL32",-1.87808621519645,6.62533266472806e-06,0.00054741792746511,0.000465760549138572,"tags=74%, list=39%, signal=46%"
"GO:0005739","mitochondrion","101104176","LOC101104176",-1.87808621519645,6.62533266472806e-06,0.00054741792746511,0.000465760549138572,"tags=74%, list=39%, signal=46%"
"GO:0005739","mitochondrion","101111607","LOC101111607",-1.87808621519645,6.62533266472806e-06,0.00054741792746511,0.000465760549138572,"tags=74%, list=39%, signal=46%"
"GO:0005739","mitochondrion","101113910","APOO",-1.87808621519645,6.62533266472806e-06,0.00054741792746511,0.000465760549138572,"tags=74%, list=39%, signal=46%"
"GO:0005739","mitochondrion","101108285","ATP5MC3",-1.87808621519645,6.62533266472806e-06,0.00054741792746511,0.000465760549138572,"tags=74%, list=39%, signal=46%"
"GO:0005739","mitochondrion","101108484","NDUFA11",-1.87808621519645,6.62533266472806e-06,0.00054741792746511,0.000465760549138572,"tags=74%, list=39%, signal=46%"
"GO:0005739","mitochondrion","101115434","NDUFS1",-1.87808621519645,6.62533266472806e-06,0.00054741792746511,0.000465760549138572,"tags=74%, list=39%, signal=46%"
"GO:0005739","mitochondrion","101121851","NDUFB7",-1.87808621519645,6.62533266472806e-06,0.00054741792746511,0.000465760549138572,"tags=74%, list=39%, signal=46%"
"GO:0005739","mitochondrion","101108778","LOC101108778",-1.87808621519645,6.62533266472806e-06,0.00054741792746511,0.000465760549138572,"tags=74%, list=39%, signal=46%"
"GO:0005739","mitochondrion","101116256","MRPS27",-1.87808621519645,6.62533266472806e-06,0.00054741792746511,0.000465760549138572,"tags=74%, list=39%, signal=46%"
"GO:0005739","mitochondrion","101120500","RTN4IP1",-1.87808621519645,6.62533266472806e-06,0.00054741792746511,0.000465760549138572,"tags=74%, list=39%, signal=46%"
"GO:0005739","mitochondrion","101113508","LOC101113508",-1.87808621519645,6.62533266472806e-06,0.00054741792746511,0.000465760549138572,"tags=74%, list=39%, signal=46%"
"GO:0005739","mitochondrion","101113486","MRPL51",-1.87808621519645,6.62533266472806e-06,0.00054741792746511,0.000465760549138572,"tags=74%, list=39%, signal=46%"
"GO:0005739","mitochondrion","101111161","HIBCH",-1.87808621519645,6.62533266472806e-06,0.00054741792746511,0.000465760549138572,"tags=74%, list=39%, signal=46%"
"GO:0005739","mitochondrion","100145872","CHCHD3",-1.87808621519645,6.62533266472806e-06,0.00054741792746511,0.000465760549138572,"tags=74%, list=39%, signal=46%"
"GO:0005739","mitochondrion","101104823","NDUFA13",-1.87808621519645,6.62533266472806e-06,0.00054741792746511,0.000465760549138572,"tags=74%, list=39%, signal=46%"
"GO:0005739","mitochondrion","101122162","MRPL50",-1.87808621519645,6.62533266472806e-06,0.00054741792746511,0.000465760549138572,"tags=74%, list=39%, signal=46%"
"GO:0005739","mitochondrion","101112812","MRPL34",-1.87808621519645,6.62533266472806e-06,0.00054741792746511,0.000465760549138572,"tags=74%, list=39%, signal=46%"
"GO:0005739","mitochondrion","101113180","MRPL2",-1.87808621519645,6.62533266472806e-06,0.00054741792746511,0.000465760549138572,"tags=74%, list=39%, signal=46%"
"GO:0005739","mitochondrion","101119721","LOC101119721",-1.87808621519645,6.62533266472806e-06,0.00054741792746511,0.000465760549138572,"tags=74%, list=39%, signal=46%"
"GO:0005739","mitochondrion","101122393","NDUFA10",-1.87808621519645,6.62533266472806e-06,0.00054741792746511,0.000465760549138572,"tags=74%, list=39%, signal=46%"
"GO:0005739","mitochondrion","101109952","MRPS35",-1.87808621519645,6.62533266472806e-06,0.00054741792746511,0.000465760549138572,"tags=74%, list=39%, signal=46%"
"GO:0005739","mitochondrion","101113949","TIMM17A",-1.87808621519645,6.62533266472806e-06,0.00054741792746511,0.000465760549138572,"tags=74%, list=39%, signal=46%"
"GO:0005739","mitochondrion","101113001","LOC101113001",-1.87808621519645,6.62533266472806e-06,0.00054741792746511,0.000465760549138572,"tags=74%, list=39%, signal=46%"
"GO:0005739","mitochondrion","101113195","LOC101113195",-1.87808621519645,6.62533266472806e-06,0.00054741792746511,0.000465760549138572,"tags=74%, list=39%, signal=46%"
"GO:0005739","mitochondrion","101121668","SLC25A25",-1.87808621519645,6.62533266472806e-06,0.00054741792746511,0.000465760549138572,"tags=74%, list=39%, signal=46%"
"GO:0005739","mitochondrion","100037672","GRPEL1",-1.87808621519645,6.62533266472806e-06,0.00054741792746511,0.000465760549138572,"tags=74%, list=39%, signal=46%"
"GO:0005739","mitochondrion","808260","CYTB",-1.87808621519645,6.62533266472806e-06,0.00054741792746511,0.000465760549138572,"tags=74%, list=39%, signal=46%"
"GO:0005739","mitochondrion","808253","ATP8",-1.87808621519645,6.62533266472806e-06,0.00054741792746511,0.000465760549138572,"tags=74%, list=39%, signal=46%"
"GO:0005739","mitochondrion","101115280","SORD",-1.87808621519645,6.62533266472806e-06,0.00054741792746511,0.000465760549138572,"tags=74%, list=39%, signal=46%"
"GO:0005739","mitochondrion","101105475","TIMM8A",-1.87808621519645,6.62533266472806e-06,0.00054741792746511,0.000465760549138572,"tags=74%, list=39%, signal=46%"
"GO:0005739","mitochondrion","101108286","TRAK2",-1.87808621519645,6.62533266472806e-06,0.00054741792746511,0.000465760549138572,"tags=74%, list=39%, signal=46%"
"GO:0005739","mitochondrion","101113599","LOC101113599",-1.87808621519645,6.62533266472806e-06,0.00054741792746511,0.000465760549138572,"tags=74%, list=39%, signal=46%"
"GO:0005739","mitochondrion","101104080","IDH3B",-1.87808621519645,6.62533266472806e-06,0.00054741792746511,0.000465760549138572,"tags=74%, list=39%, signal=46%"
"GO:0005739","mitochondrion","808261","COX3",-1.87808621519645,6.62533266472806e-06,0.00054741792746511,0.000465760549138572,"tags=74%, list=39%, signal=46%"
"GO:0005739","mitochondrion","101102737","RMND1",-1.87808621519645,6.62533266472806e-06,0.00054741792746511,0.000465760549138572,"tags=74%, list=39%, signal=46%"
"GO:0005739","mitochondrion","808252","COX2",-1.87808621519645,6.62533266472806e-06,0.00054741792746511,0.000465760549138572,"tags=74%, list=39%, signal=46%"
"GO:0005739","mitochondrion","101123654","COQ9",-1.87808621519645,6.62533266472806e-06,0.00054741792746511,0.000465760549138572,"tags=74%, list=39%, signal=46%"
"GO:0005739","mitochondrion","101119880","HSD17B10",-1.87808621519645,6.62533266472806e-06,0.00054741792746511,0.000465760549138572,"tags=74%, list=39%, signal=46%"
"GO:0005739","mitochondrion","101102591","ETFA",-1.87808621519645,6.62533266472806e-06,0.00054741792746511,0.000465760549138572,"tags=74%, list=39%, signal=46%"
"GO:0005739","mitochondrion","101120161","ECSIT",-1.87808621519645,6.62533266472806e-06,0.00054741792746511,0.000465760549138572,"tags=74%, list=39%, signal=46%"
"GO:0005739","mitochondrion","101111817","PHB1",-1.87808621519645,6.62533266472806e-06,0.00054741792746511,0.000465760549138572,"tags=74%, list=39%, signal=46%"
"GO:0005739","mitochondrion","101112223","LOC101112223",-1.87808621519645,6.62533266472806e-06,0.00054741792746511,0.000465760549138572,"tags=74%, list=39%, signal=46%"
"GO:0005739","mitochondrion","808254","ATP6",-1.87808621519645,6.62533266472806e-06,0.00054741792746511,0.000465760549138572,"tags=74%, list=39%, signal=46%"
"GO:0005739","mitochondrion","780458","ENDOG",-1.87808621519645,6.62533266472806e-06,0.00054741792746511,0.000465760549138572,"tags=74%, list=39%, signal=46%"
"GO:0005739","mitochondrion","443410","ATP5MC1",-1.87808621519645,6.62533266472806e-06,0.00054741792746511,0.000465760549138572,"tags=74%, list=39%, signal=46%"
"GO:0005739","mitochondrion","808251","COX1",-1.87808621519645,6.62533266472806e-06,0.00054741792746511,0.000465760549138572,"tags=74%, list=39%, signal=46%"
"GO:0005739","mitochondrion","808250","ND2",-1.87808621519645,6.62533266472806e-06,0.00054741792746511,0.000465760549138572,"tags=74%, list=39%, signal=46%"
"GO:0005739","mitochondrion","101106714","ETFDH",-1.87808621519645,6.62533266472806e-06,0.00054741792746511,0.000465760549138572,"tags=74%, list=39%, signal=46%"
"GO:0005739","mitochondrion","101117980","ME2",-1.87808621519645,6.62533266472806e-06,0.00054741792746511,0.000465760549138572,"tags=74%, list=39%, signal=46%"
"GO:0005739","mitochondrion","106990092","LOC106990092",-1.87808621519645,6.62533266472806e-06,0.00054741792746511,0.000465760549138572,"tags=74%, list=39%, signal=46%"
"GO:0005739","mitochondrion","101110653","AK2",-1.87808621519645,6.62533266472806e-06,0.00054741792746511,0.000465760549138572,"tags=74%, list=39%, signal=46%"
"GO:0005739","mitochondrion","101112991","PCCA",-1.87808621519645,6.62533266472806e-06,0.00054741792746511,0.000465760549138572,"tags=74%, list=39%, signal=46%"
"GO:0005739","mitochondrion","101104932","UCP2",-1.87808621519645,6.62533266472806e-06,0.00054741792746511,0.000465760549138572,"tags=74%, list=39%, signal=46%"
"GO:0005739","mitochondrion","101122862","HADH",-1.87808621519645,6.62533266472806e-06,0.00054741792746511,0.000465760549138572,"tags=74%, list=39%, signal=46%"
"GO:0005739","mitochondrion","101119950","THEM5",-1.87808621519645,6.62533266472806e-06,0.00054741792746511,0.000465760549138572,"tags=74%, list=39%, signal=46%"
"GO:0005739","mitochondrion","101101867","KYNU",-1.87808621519645,6.62533266472806e-06,0.00054741792746511,0.000465760549138572,"tags=74%, list=39%, signal=46%"
"GO:0005739","mitochondrion","101111590","HMGCS2",-1.87808621519645,6.62533266472806e-06,0.00054741792746511,0.000465760549138572,"tags=74%, list=39%, signal=46%"
"GO:0071944","cell periphery","101118507","CAVIN2",-1.75823489680602,2.2742423289932e-05,0.00109732192373922,0.000933636324534049,"tags=27%, list=13%, signal=24%"
"GO:0071944","cell periphery","101117140","CPO",-1.75823489680602,2.2742423289932e-05,0.00109732192373922,0.000933636324534049,"tags=27%, list=13%, signal=24%"
"GO:0071944","cell periphery","101111553","APH1B",-1.75823489680602,2.2742423289932e-05,0.00109732192373922,0.000933636324534049,"tags=27%, list=13%, signal=24%"
"GO:0071944","cell periphery","101122284","GJA1",-1.75823489680602,2.2742423289932e-05,0.00109732192373922,0.000933636324534049,"tags=27%, list=13%, signal=24%"
"GO:0071944","cell periphery","101110218","PLEK",-1.75823489680602,2.2742423289932e-05,0.00109732192373922,0.000933636324534049,"tags=27%, list=13%, signal=24%"
"GO:0071944","cell periphery","443273","GRIA3",-1.75823489680602,2.2742423289932e-05,0.00109732192373922,0.000933636324534049,"tags=27%, list=13%, signal=24%"
"GO:0071944","cell periphery","100462743","DUOX2",-1.75823489680602,2.2742423289932e-05,0.00109732192373922,0.000933636324534049,"tags=27%, list=13%, signal=24%"
"GO:0071944","cell periphery","443216","CD14",-1.75823489680602,2.2742423289932e-05,0.00109732192373922,0.000933636324534049,"tags=27%, list=13%, signal=24%"
"GO:0071944","cell periphery","101123062","CDH13",-1.75823489680602,2.2742423289932e-05,0.00109732192373922,0.000933636324534049,"tags=27%, list=13%, signal=24%"
"GO:0071944","cell periphery","101115574","MGST2",-1.75823489680602,2.2742423289932e-05,0.00109732192373922,0.000933636324534049,"tags=27%, list=13%, signal=24%"
"GO:0071944","cell periphery","101104991","FBN2",-1.75823489680602,2.2742423289932e-05,0.00109732192373922,0.000933636324534049,"tags=27%, list=13%, signal=24%"
"GO:0071944","cell periphery","100126575","CTTNBP2",-1.75823489680602,2.2742423289932e-05,0.00109732192373922,0.000933636324534049,"tags=27%, list=13%, signal=24%"
"GO:0071944","cell periphery","101116716","SLC8A1",-1.75823489680602,2.2742423289932e-05,0.00109732192373922,0.000933636324534049,"tags=27%, list=13%, signal=24%"
"GO:0071944","cell periphery","443115","MMP2",-1.75823489680602,2.2742423289932e-05,0.00109732192373922,0.000933636324534049,"tags=27%, list=13%, signal=24%"
"GO:0071944","cell periphery","442997","CXCL10",-1.75823489680602,2.2742423289932e-05,0.00109732192373922,0.000933636324534049,"tags=27%, list=13%, signal=24%"
"GO:0071944","cell periphery","101106492","FAP",-1.75823489680602,2.2742423289932e-05,0.00109732192373922,0.000933636324534049,"tags=27%, list=13%, signal=24%"
"GO:0071944","cell periphery","101101873","ATP2B3",-1.75823489680602,2.2742423289932e-05,0.00109732192373922,0.000933636324534049,"tags=27%, list=13%, signal=24%"
"GO:0071944","cell periphery","101106273","ZACN",-1.75823489680602,2.2742423289932e-05,0.00109732192373922,0.000933636324534049,"tags=27%, list=13%, signal=24%"
"GO:0071944","cell periphery","101112671","LOC101112671",-1.75823489680602,2.2742423289932e-05,0.00109732192373922,0.000933636324534049,"tags=27%, list=13%, signal=24%"
"GO:0071944","cell periphery","101109219","LOC101109219",-1.75823489680602,2.2742423289932e-05,0.00109732192373922,0.000933636324534049,"tags=27%, list=13%, signal=24%"
"GO:0071944","cell periphery","101114256","ACTG2",-1.75823489680602,2.2742423289932e-05,0.00109732192373922,0.000933636324534049,"tags=27%, list=13%, signal=24%"
"GO:0071944","cell periphery","494433","ITGB2",-1.75823489680602,2.2742423289932e-05,0.00109732192373922,0.000933636324534049,"tags=27%, list=13%, signal=24%"
"GO:0071944","cell periphery","101114326","CORO1A",-1.75823489680602,2.2742423289932e-05,0.00109732192373922,0.000933636324534049,"tags=27%, list=13%, signal=24%"
"GO:0071944","cell periphery","101106012","PDGFRA",-1.75823489680602,2.2742423289932e-05,0.00109732192373922,0.000933636324534049,"tags=27%, list=13%, signal=24%"
"GO:0071944","cell periphery","443242","BAMBI",-1.75823489680602,2.2742423289932e-05,0.00109732192373922,0.000933636324534049,"tags=27%, list=13%, signal=24%"
"GO:0071944","cell periphery","101119198","NCKAP1L",-1.75823489680602,2.2742423289932e-05,0.00109732192373922,0.000933636324534049,"tags=27%, list=13%, signal=24%"
"GO:0071944","cell periphery","101115839","S1PR1",-1.75823489680602,2.2742423289932e-05,0.00109732192373922,0.000933636324534049,"tags=27%, list=13%, signal=24%"
"GO:0071944","cell periphery","101109265","CDK14",-1.75823489680602,2.2742423289932e-05,0.00109732192373922,0.000933636324534049,"tags=27%, list=13%, signal=24%"
"GO:0071944","cell periphery","101106727","CD2",-1.75823489680602,2.2742423289932e-05,0.00109732192373922,0.000933636324534049,"tags=27%, list=13%, signal=24%"
"GO:0071944","cell periphery","101106961","CDH11",-1.75823489680602,2.2742423289932e-05,0.00109732192373922,0.000933636324534049,"tags=27%, list=13%, signal=24%"
"GO:0071944","cell periphery","101108885","ASPN",-1.75823489680602,2.2742423289932e-05,0.00109732192373922,0.000933636324534049,"tags=27%, list=13%, signal=24%"
"GO:0071944","cell periphery","443491","SLC6A4",-1.75823489680602,2.2742423289932e-05,0.00109732192373922,0.000933636324534049,"tags=27%, list=13%, signal=24%"
"GO:0071944","cell periphery","101105769","PPP1R16B",-1.75823489680602,2.2742423289932e-05,0.00109732192373922,0.000933636324534049,"tags=27%, list=13%, signal=24%"
"GO:0071944","cell periphery","101102001","LOC101102001",-1.75823489680602,2.2742423289932e-05,0.00109732192373922,0.000933636324534049,"tags=27%, list=13%, signal=24%"
"GO:0071944","cell periphery","101106371","CACNA1D",-1.75823489680602,2.2742423289932e-05,0.00109732192373922,0.000933636324534049,"tags=27%, list=13%, signal=24%"
"GO:0071944","cell periphery","443397","CD3D",-1.75823489680602,2.2742423289932e-05,0.00109732192373922,0.000933636324534049,"tags=27%, list=13%, signal=24%"
"GO:0071944","cell periphery","101107969","LAMA4",-1.75823489680602,2.2742423289932e-05,0.00109732192373922,0.000933636324534049,"tags=27%, list=13%, signal=24%"
"GO:0071944","cell periphery","100534644","UGT1A1",-1.75823489680602,2.2742423289932e-05,0.00109732192373922,0.000933636324534049,"tags=27%, list=13%, signal=24%"
"GO:0071944","cell periphery","101123088","P2RY13",-1.75823489680602,2.2742423289932e-05,0.00109732192373922,0.000933636324534049,"tags=27%, list=13%, signal=24%"
"GO:0071944","cell periphery","101103604","ADGRL4",-1.75823489680602,2.2742423289932e-05,0.00109732192373922,0.000933636324534049,"tags=27%, list=13%, signal=24%"
"GO:0071944","cell periphery","443512","COL1A2",-1.75823489680602,2.2742423289932e-05,0.00109732192373922,0.000933636324534049,"tags=27%, list=13%, signal=24%"
"GO:0071944","cell periphery","101114515","GPR141",-1.75823489680602,2.2742423289932e-05,0.00109732192373922,0.000933636324534049,"tags=27%, list=13%, signal=24%"
"GO:0071944","cell periphery","101118323","GPR171",-1.75823489680602,2.2742423289932e-05,0.00109732192373922,0.000933636324534049,"tags=27%, list=13%, signal=24%"
"GO:0071944","cell periphery","101123041","SPARCL1",-1.75823489680602,2.2742423289932e-05,0.00109732192373922,0.000933636324534049,"tags=27%, list=13%, signal=24%"
"GO:0071944","cell periphery","443499","ITGA4",-1.75823489680602,2.2742423289932e-05,0.00109732192373922,0.000933636324534049,"tags=27%, list=13%, signal=24%"
"GO:0071944","cell periphery","101116208","CMKLR2",-1.75823489680602,2.2742423289932e-05,0.00109732192373922,0.000933636324534049,"tags=27%, list=13%, signal=24%"
"GO:0071944","cell periphery","654334","SLCO2A1",-1.75823489680602,2.2742423289932e-05,0.00109732192373922,0.000933636324534049,"tags=27%, list=13%, signal=24%"
"GO:0071944","cell periphery","101113016","CX3CR1",-1.75823489680602,2.2742423289932e-05,0.00109732192373922,0.000933636324534049,"tags=27%, list=13%, signal=24%"
"GO:0071944","cell periphery","101112899","ITK",-1.75823489680602,2.2742423289932e-05,0.00109732192373922,0.000933636324534049,"tags=27%, list=13%, signal=24%"
"GO:0071944","cell periphery","641296","ITGAL",-1.75823489680602,2.2742423289932e-05,0.00109732192373922,0.000933636324534049,"tags=27%, list=13%, signal=24%"
"GO:0071944","cell periphery","100101231","COL3A1",-1.75823489680602,2.2742423289932e-05,0.00109732192373922,0.000933636324534049,"tags=27%, list=13%, signal=24%"
"GO:0071944","cell periphery","101113167","HCK",-1.75823489680602,2.2742423289932e-05,0.00109732192373922,0.000933636324534049,"tags=27%, list=13%, signal=24%"
"GO:0071944","cell periphery","100144749","DYA",-1.75823489680602,2.2742423289932e-05,0.00109732192373922,0.000933636324534049,"tags=27%, list=13%, signal=24%"
"GO:0071944","cell periphery","101117453","CCR5",-1.75823489680602,2.2742423289932e-05,0.00109732192373922,0.000933636324534049,"tags=27%, list=13%, signal=24%"
"GO:0071944","cell periphery","554318","CD86",-1.75823489680602,2.2742423289932e-05,0.00109732192373922,0.000933636324534049,"tags=27%, list=13%, signal=24%"
"GO:0071944","cell periphery","101110545","LOC101110545",-1.75823489680602,2.2742423289932e-05,0.00109732192373922,0.000933636324534049,"tags=27%, list=13%, signal=24%"
"GO:0071944","cell periphery","443208","TYROBP",-1.75823489680602,2.2742423289932e-05,0.00109732192373922,0.000933636324534049,"tags=27%, list=13%, signal=24%"
"GO:0071944","cell periphery","101105278","FYB1",-1.75823489680602,2.2742423289932e-05,0.00109732192373922,0.000933636324534049,"tags=27%, list=13%, signal=24%"
"GO:0071944","cell periphery","101108696","LOC101108696",-1.75823489680602,2.2742423289932e-05,0.00109732192373922,0.000933636324534049,"tags=27%, list=13%, signal=24%"
"GO:0071944","cell periphery","101104029","CDH7",-1.75823489680602,2.2742423289932e-05,0.00109732192373922,0.000933636324534049,"tags=27%, list=13%, signal=24%"
"GO:0071944","cell periphery","443509","CD4",-1.75823489680602,2.2742423289932e-05,0.00109732192373922,0.000933636324534049,"tags=27%, list=13%, signal=24%"
"GO:0071944","cell periphery","101121575","LAPTM5",-1.75823489680602,2.2742423289932e-05,0.00109732192373922,0.000933636324534049,"tags=27%, list=13%, signal=24%"
"GO:0071944","cell periphery","101115443","KCNG3",-1.75823489680602,2.2742423289932e-05,0.00109732192373922,0.000933636324534049,"tags=27%, list=13%, signal=24%"
"GO:0071944","cell periphery","101118670","EDA2R",-1.75823489680602,2.2742423289932e-05,0.00109732192373922,0.000933636324534049,"tags=27%, list=13%, signal=24%"
"GO:0071944","cell periphery","101108962","DQA",-1.75823489680602,2.2742423289932e-05,0.00109732192373922,0.000933636324534049,"tags=27%, list=13%, signal=24%"
"GO:0071944","cell periphery","443313","LOC443313",-1.75823489680602,2.2742423289932e-05,0.00109732192373922,0.000933636324534049,"tags=27%, list=13%, signal=24%"
"GO:0071944","cell periphery","101109747","LOC101109747",-1.75823489680602,2.2742423289932e-05,0.00109732192373922,0.000933636324534049,"tags=27%, list=13%, signal=24%"
"GO:0098800","inner mitochondrial membrane protein complex","101109702","MICOS13",-2.14745587514401,0.000111366768140214,0.00358229770851023,0.00304793260173218,"tags=93%, list=34%, signal=61%"
"GO:0098800","inner mitochondrial membrane protein complex","101123430","TIMM21",-2.14745587514401,0.000111366768140214,0.00358229770851023,0.00304793260173218,"tags=93%, list=34%, signal=61%"
"GO:0098800","inner mitochondrial membrane protein complex","101107189","NDUFB2",-2.14745587514401,0.000111366768140214,0.00358229770851023,0.00304793260173218,"tags=93%, list=34%, signal=61%"
"GO:0098800","inner mitochondrial membrane protein complex","101103257","NDUFA3",-2.14745587514401,0.000111366768140214,0.00358229770851023,0.00304793260173218,"tags=93%, list=34%, signal=61%"
"GO:0098800","inner mitochondrial membrane protein complex","100462693","NDUFB6",-2.14745587514401,0.000111366768140214,0.00358229770851023,0.00304793260173218,"tags=93%, list=34%, signal=61%"
"GO:0098800","inner mitochondrial membrane protein complex","808257","ND4",-2.14745587514401,0.000111366768140214,0.00358229770851023,0.00304793260173218,"tags=93%, list=34%, signal=61%"
"GO:0098800","inner mitochondrial membrane protein complex","808255","ND3",-2.14745587514401,0.000111366768140214,0.00358229770851023,0.00304793260173218,"tags=93%, list=34%, signal=61%"
"GO:0098800","inner mitochondrial membrane protein complex","101110066","LOC101110066",-2.14745587514401,0.000111366768140214,0.00358229770851023,0.00304793260173218,"tags=93%, list=34%, signal=61%"
"GO:0098800","inner mitochondrial membrane protein complex","101114570","ATP5PB",-2.14745587514401,0.000111366768140214,0.00358229770851023,0.00304793260173218,"tags=93%, list=34%, signal=61%"
"GO:0098800","inner mitochondrial membrane protein complex","100217408","ATP5PD",-2.14745587514401,0.000111366768140214,0.00358229770851023,0.00304793260173218,"tags=93%, list=34%, signal=61%"
"GO:0098800","inner mitochondrial membrane protein complex","101113910","APOO",-2.14745587514401,0.000111366768140214,0.00358229770851023,0.00304793260173218,"tags=93%, list=34%, signal=61%"
"GO:0098800","inner mitochondrial membrane protein complex","101108778","LOC101108778",-2.14745587514401,0.000111366768140214,0.00358229770851023,0.00304793260173218,"tags=93%, list=34%, signal=61%"
"GO:0098800","inner mitochondrial membrane protein complex","100145872","CHCHD3",-2.14745587514401,0.000111366768140214,0.00358229770851023,0.00304793260173218,"tags=93%, list=34%, signal=61%"
"GO:0098800","inner mitochondrial membrane protein complex","101104823","NDUFA13",-2.14745587514401,0.000111366768140214,0.00358229770851023,0.00304793260173218,"tags=93%, list=34%, signal=61%"
"GO:0098800","inner mitochondrial membrane protein complex","101119721","LOC101119721",-2.14745587514401,0.000111366768140214,0.00358229770851023,0.00304793260173218,"tags=93%, list=34%, signal=61%"
"GO:0098800","inner mitochondrial membrane protein complex","101122393","NDUFA10",-2.14745587514401,0.000111366768140214,0.00358229770851023,0.00304793260173218,"tags=93%, list=34%, signal=61%"
"GO:0098800","inner mitochondrial membrane protein complex","101113949","TIMM17A",-2.14745587514401,0.000111366768140214,0.00358229770851023,0.00304793260173218,"tags=93%, list=34%, signal=61%"
"GO:0098800","inner mitochondrial membrane protein complex","808260","CYTB",-2.14745587514401,0.000111366768140214,0.00358229770851023,0.00304793260173218,"tags=93%, list=34%, signal=61%"
"GO:0098800","inner mitochondrial membrane protein complex","808253","ATP8",-2.14745587514401,0.000111366768140214,0.00358229770851023,0.00304793260173218,"tags=93%, list=34%, signal=61%"
"GO:0098800","inner mitochondrial membrane protein complex","808261","COX3",-2.14745587514401,0.000111366768140214,0.00358229770851023,0.00304793260173218,"tags=93%, list=34%, signal=61%"
"GO:0098800","inner mitochondrial membrane protein complex","808252","COX2",-2.14745587514401,0.000111366768140214,0.00358229770851023,0.00304793260173218,"tags=93%, list=34%, signal=61%"
"GO:0098800","inner mitochondrial membrane protein complex","808254","ATP6",-2.14745587514401,0.000111366768140214,0.00358229770851023,0.00304793260173218,"tags=93%, list=34%, signal=61%"
"GO:0098800","inner mitochondrial membrane protein complex","443410","ATP5MC1",-2.14745587514401,0.000111366768140214,0.00358229770851023,0.00304793260173218,"tags=93%, list=34%, signal=61%"
"GO:0098800","inner mitochondrial membrane protein complex","808251","COX1",-2.14745587514401,0.000111366768140214,0.00358229770851023,0.00304793260173218,"tags=93%, list=34%, signal=61%"
"GO:0098800","inner mitochondrial membrane protein complex","808250","ND2",-2.14745587514401,0.000111366768140214,0.00358229770851023,0.00304793260173218,"tags=93%, list=34%, signal=61%"
"GO:0070469","respirasome","101118232","NDUFS5",-2.00019894806428,0.000511280996976096,0.0109641369351541,0.0093286357343007,"tags=91%, list=40%, signal=55%"
"GO:0070469","respirasome","101106179","NDUFB9",-2.00019894806428,0.000511280996976096,0.0109641369351541,0.0093286357343007,"tags=91%, list=40%, signal=55%"
"GO:0070469","respirasome","101105616","SDHC",-2.00019894806428,0.000511280996976096,0.0109641369351541,0.0093286357343007,"tags=91%, list=40%, signal=55%"
"GO:0070469","respirasome","101114253","NDUFA8",-2.00019894806428,0.000511280996976096,0.0109641369351541,0.0093286357343007,"tags=91%, list=40%, signal=55%"
"GO:0070469","respirasome","101107189","NDUFB2",-2.00019894806428,0.000511280996976096,0.0109641369351541,0.0093286357343007,"tags=91%, list=40%, signal=55%"
"GO:0070469","respirasome","101103257","NDUFA3",-2.00019894806428,0.000511280996976096,0.0109641369351541,0.0093286357343007,"tags=91%, list=40%, signal=55%"
"GO:0070469","respirasome","101106662","NDUFB3",-2.00019894806428,0.000511280996976096,0.0109641369351541,0.0093286357343007,"tags=91%, list=40%, signal=55%"
"GO:0070469","respirasome","101103062","NDUFA7",-2.00019894806428,0.000511280996976096,0.0109641369351541,0.0093286357343007,"tags=91%, list=40%, signal=55%"
"GO:0070469","respirasome","100462693","NDUFB6",-2.00019894806428,0.000511280996976096,0.0109641369351541,0.0093286357343007,"tags=91%, list=40%, signal=55%"
"GO:0070469","respirasome","808257","ND4",-2.00019894806428,0.000511280996976096,0.0109641369351541,0.0093286357343007,"tags=91%, list=40%, signal=55%"
"GO:0070469","respirasome","808249","ND1",-2.00019894806428,0.000511280996976096,0.0109641369351541,0.0093286357343007,"tags=91%, list=40%, signal=55%"
"GO:0070469","respirasome","808255","ND3",-2.00019894806428,0.000511280996976096,0.0109641369351541,0.0093286357343007,"tags=91%, list=40%, signal=55%"
"GO:0070469","respirasome","808256","ND4L",-2.00019894806428,0.000511280996976096,0.0109641369351541,0.0093286357343007,"tags=91%, list=40%, signal=55%"
"GO:0070469","respirasome","101110066","LOC101110066",-2.00019894806428,0.000511280996976096,0.0109641369351541,0.0093286357343007,"tags=91%, list=40%, signal=55%"
"GO:0070469","respirasome","101115434","NDUFS1",-2.00019894806428,0.000511280996976096,0.0109641369351541,0.0093286357343007,"tags=91%, list=40%, signal=55%"
"GO:0070469","respirasome","101121851","NDUFB7",-2.00019894806428,0.000511280996976096,0.0109641369351541,0.0093286357343007,"tags=91%, list=40%, signal=55%"
"GO:0070469","respirasome","101108778","LOC101108778",-2.00019894806428,0.000511280996976096,0.0109641369351541,0.0093286357343007,"tags=91%, list=40%, signal=55%"
"GO:0070469","respirasome","101104823","NDUFA13",-2.00019894806428,0.000511280996976096,0.0109641369351541,0.0093286357343007,"tags=91%, list=40%, signal=55%"
"GO:0070469","respirasome","101119721","LOC101119721",-2.00019894806428,0.000511280996976096,0.0109641369351541,0.0093286357343007,"tags=91%, list=40%, signal=55%"
"GO:0070469","respirasome","101122393","NDUFA10",-2.00019894806428,0.000511280996976096,0.0109641369351541,0.0093286357343007,"tags=91%, list=40%, signal=55%"
"GO:0070469","respirasome","101113001","LOC101113001",-2.00019894806428,0.000511280996976096,0.0109641369351541,0.0093286357343007,"tags=91%, list=40%, signal=55%"
"GO:0070469","respirasome","101113195","LOC101113195",-2.00019894806428,0.000511280996976096,0.0109641369351541,0.0093286357343007,"tags=91%, list=40%, signal=55%"
"GO:0070469","respirasome","808260","CYTB",-2.00019894806428,0.000511280996976096,0.0109641369351541,0.0093286357343007,"tags=91%, list=40%, signal=55%"
"GO:0070469","respirasome","101113599","LOC101113599",-2.00019894806428,0.000511280996976096,0.0109641369351541,0.0093286357343007,"tags=91%, list=40%, signal=55%"
"GO:0070469","respirasome","808261","COX3",-2.00019894806428,0.000511280996976096,0.0109641369351541,0.0093286357343007,"tags=91%, list=40%, signal=55%"
"GO:0070469","respirasome","808252","COX2",-2.00019894806428,0.000511280996976096,0.0109641369351541,0.0093286357343007,"tags=91%, list=40%, signal=55%"
"GO:0070469","respirasome","808251","COX1",-2.00019894806428,0.000511280996976096,0.0109641369351541,0.0093286357343007,"tags=91%, list=40%, signal=55%"
"GO:0070469","respirasome","808250","ND2",-2.00019894806428,0.000511280996976096,0.0109641369351541,0.0093286357343007,"tags=91%, list=40%, signal=55%"
"GO:0070469","respirasome","106990092","LOC106990092",-2.00019894806428,0.000511280996976096,0.0109641369351541,0.0093286357343007,"tags=91%, list=40%, signal=55%"
"GO:0005840","ribosome","101120032","DAP3",-1.91243225947741,0.0019974285189521,0.0275359788684111,0.0234284848839494,"tags=100%, list=46%, signal=54%"
"GO:0005840","ribosome","101103841","RPL37",-1.91243225947741,0.0019974285189521,0.0275359788684111,0.0234284848839494,"tags=100%, list=46%, signal=54%"
"GO:0005840","ribosome","101110157","MRPS7",-1.91243225947741,0.0019974285189521,0.0275359788684111,0.0234284848839494,"tags=100%, list=46%, signal=54%"
"GO:0005840","ribosome","101105837","MRPL20",-1.91243225947741,0.0019974285189521,0.0275359788684111,0.0234284848839494,"tags=100%, list=46%, signal=54%"
"GO:0005840","ribosome","101108004","RPS27",-1.91243225947741,0.0019974285189521,0.0275359788684111,0.0234284848839494,"tags=100%, list=46%, signal=54%"
"GO:0005840","ribosome","101104665","MRPL52",-1.91243225947741,0.0019974285189521,0.0275359788684111,0.0234284848839494,"tags=100%, list=46%, signal=54%"
"GO:0005840","ribosome","101116355","MRPS18A",-1.91243225947741,0.0019974285189521,0.0275359788684111,0.0234284848839494,"tags=100%, list=46%, signal=54%"
"GO:0005840","ribosome","101106861","MRPL27",-1.91243225947741,0.0019974285189521,0.0275359788684111,0.0234284848839494,"tags=100%, list=46%, signal=54%"
"GO:0005840","ribosome","101116494","MRPS14",-1.91243225947741,0.0019974285189521,0.0275359788684111,0.0234284848839494,"tags=100%, list=46%, signal=54%"
"GO:0005840","ribosome","101114224","MRPL11",-1.91243225947741,0.0019974285189521,0.0275359788684111,0.0234284848839494,"tags=100%, list=46%, signal=54%"
"GO:0005840","ribosome","101103920","MRPL48",-1.91243225947741,0.0019974285189521,0.0275359788684111,0.0234284848839494,"tags=100%, list=46%, signal=54%"
"GO:0005840","ribosome","101107747","MRPL24",-1.91243225947741,0.0019974285189521,0.0275359788684111,0.0234284848839494,"tags=100%, list=46%, signal=54%"
"GO:0005840","ribosome","101106472","FAU",-1.91243225947741,0.0019974285189521,0.0275359788684111,0.0234284848839494,"tags=100%, list=46%, signal=54%"
"GO:0005840","ribosome","101121865","MRPS31",-1.91243225947741,0.0019974285189521,0.0275359788684111,0.0234284848839494,"tags=100%, list=46%, signal=54%"
"GO:0005840","ribosome","101113805","MRPS15",-1.91243225947741,0.0019974285189521,0.0275359788684111,0.0234284848839494,"tags=100%, list=46%, signal=54%"
"GO:0005840","ribosome","443296","UBA52",-1.91243225947741,0.0019974285189521,0.0275359788684111,0.0234284848839494,"tags=100%, list=46%, signal=54%"
"GO:0005840","ribosome","101114367","MRPL15",-1.91243225947741,0.0019974285189521,0.0275359788684111,0.0234284848839494,"tags=100%, list=46%, signal=54%"
"GO:0005840","ribosome","101120254","MRPS23",-1.91243225947741,0.0019974285189521,0.0275359788684111,0.0234284848839494,"tags=100%, list=46%, signal=54%"
"GO:0005840","ribosome","101121751","MRPL44",-1.91243225947741,0.0019974285189521,0.0275359788684111,0.0234284848839494,"tags=100%, list=46%, signal=54%"
"GO:0005840","ribosome","101105643","PTCD3",-1.91243225947741,0.0019974285189521,0.0275359788684111,0.0234284848839494,"tags=100%, list=46%, signal=54%"
"GO:0005840","ribosome","101102050","MRPS9",-1.91243225947741,0.0019974285189521,0.0275359788684111,0.0234284848839494,"tags=100%, list=46%, signal=54%"
"GO:0005840","ribosome","100305129","MRPL32",-1.91243225947741,0.0019974285189521,0.0275359788684111,0.0234284848839494,"tags=100%, list=46%, signal=54%"
"GO:0005840","ribosome","101109581","MRPL28",-1.91243225947741,0.0019974285189521,0.0275359788684111,0.0234284848839494,"tags=100%, list=46%, signal=54%"
"GO:0005840","ribosome","101116256","MRPS27",-1.91243225947741,0.0019974285189521,0.0275359788684111,0.0234284848839494,"tags=100%, list=46%, signal=54%"
"GO:0005840","ribosome","101113486","MRPL51",-1.91243225947741,0.0019974285189521,0.0275359788684111,0.0234284848839494,"tags=100%, list=46%, signal=54%"
"GO:0005840","ribosome","101122162","MRPL50",-1.91243225947741,0.0019974285189521,0.0275359788684111,0.0234284848839494,"tags=100%, list=46%, signal=54%"
"GO:0005840","ribosome","101112812","MRPL34",-1.91243225947741,0.0019974285189521,0.0275359788684111,0.0234284848839494,"tags=100%, list=46%, signal=54%"
"GO:0005840","ribosome","101113180","MRPL2",-1.91243225947741,0.0019974285189521,0.0275359788684111,0.0234284848839494,"tags=100%, list=46%, signal=54%"
