"Gene_Name","Pathway_Name"
"RPS15A","ribosome"
"RPS17","ribosome"
"LOC101112339","ribosome"
"RPL18","ribosome"
"RPL37","ribosome"
"RPL23A","ribosome"
"LOC101107098","ribosome"
"RPL10","ribosome"
"RPL31","ribosome"
"RPS8","ribosome"
"LOC101105336","ribosome"
"MRPL9","ribosome"
"RPL13A","ribosome"
"RPS5","ribosome"
"RPL35A","ribosome"
"RPL9","ribosome"
"RPL28","ribosome"
"RPL27A","ribosome"
"RPL23","ribosome"
"RPS11","ribosome"
"RPL4","ribosome"
"RPL3","ribosome"
"RACK1","ribosome"
"RPL32","ribosome"
"RPS20","ribosome"
"RPS3A","ribosome"
"RPL10A","ribosome"
"LOC101120489","ribosome"
"RPS6","ribosome"
"RPS4X","ribosome"
"LOC101110546","ribosome"
"LOC101106855","ribosome"
"RPL8","ribosome"
"RPL30","ribosome"
"C23H18ORF32","ribosome"
"LOC101118481","ribosome"
"RPL7","ribosome"
"LOC101106166","ribosome"
"LOC106990881","ribosome"
"RPL22L1","ribosome"
"CDK14","cell periphery"
"COL1A2","cell periphery"
"COL3A1","cell periphery"
"ACTG2","cell periphery"
"LAMA4","cell periphery"
"NPFFR2","cell periphery"
"MMP2","cell periphery"
"GRIA3","cell periphery"
"CLDN6","cell periphery"
"KCNMB1","cell periphery"
"FAP","cell periphery"
"SPARCL1","cell periphery"
"LOC101102001","cell periphery"
"CXCL10","cell periphery"
"CDH11","cell periphery"
"PDGFRA","cell periphery"
"FGF1","cell periphery"
"TGFB3","cell periphery"
"CXCR4","cell periphery"
"LAPTM5","cell periphery"
"CORO1A","cell periphery"
"HCRTR1","cell periphery"
"CAVIN2","cell periphery"
"CSF2","cell periphery"
"MMP12","cell periphery"
"FBN1","cell periphery"
"ITK","cell periphery"
"IL6","cell periphery"
"SLC6A4","cell periphery"
"ITGAL","cell periphery"
"CPO","cell periphery"
"SLC8A1","cell periphery"
"COL5A2","cell periphery"
"FYB1","cell periphery"
"EDA2R","cell periphery"
"PACSIN1","cell periphery"
"GPR171","cell periphery"
"ITGA4","cell periphery"
"MFAP5","cell periphery"
"CD3D","cell periphery"
"CTTNBP2","cell periphery"
"CCR5","cell periphery"
"LOC101109747","cell periphery"
"PGM5","cell periphery"
"EFNA5","cell periphery"
"PPP1R16B","cell periphery"
"ADRA1D","cell periphery"
"GNB4","cell periphery"
"LOC101109219","cell periphery"
"ASPN","cell periphery"
"SLC7A8","cell periphery"
"SLC5A8","cell periphery"
"SLC6A17","cell periphery"
"CDH13","cell periphery"
"PDGFB","cell periphery"
"GNG4","cell periphery"
"NCF2","cell periphery"
"CNR1","cell periphery"
"CLDN7","cell periphery"
"ICAM1","cell periphery"
"TMEM98","cell periphery"
"FBN2","cell periphery"
"GJC1","cell periphery"
"MMP7","cell periphery"
"PCDH18","cell periphery"
"SPARC","cell periphery"
"S1PR1","cell periphery"
"GLRA3","cell periphery"
"MMP13","cell periphery"
"SNAP25","cell periphery"
"DCBLD2","cell periphery"
"CD40","cell periphery"
"MC1R","cell periphery"
"GCA","cell periphery"
"TMC7","cell periphery"
"PMP22","cell periphery"
"CA11","cell periphery"
"ADGRG6","cell periphery"
"BAMBI","cell periphery"
"ATP2B3","cell periphery"
"NOG","extracellular region"
"C1QTNF1","extracellular region"
"LOC101120093","extracellular region"
"VCAN","extracellular region"
"FGG","extracellular region"
"CTHRC1","extracellular region"
"DPT","extracellular region"
"IL16","extracellular region"
"INHBA","extracellular region"
"FN1","extracellular region"
"IL17F","extracellular region"
"FGF2","extracellular region"
"WNT5A","extracellular region"
"TGFB2","extracellular region"
"BGN","extracellular region"
"LOC101121414","extracellular region"
"EDN1","extracellular region"
"GDF15","extracellular region"
"FSTL1","extracellular region"
"C1S","extracellular region"
"MDK","extracellular region"
"LOXL3","extracellular region"
"MAP1LC3C","membrane"
"LHFPL6","membrane"
"SLC26A4","membrane"
"HEPACAM","membrane"
"LOC101115927","membrane"
"LOC101113823","membrane"
"JAM3","membrane"
"GPR63","membrane"
"CLIC5","membrane"
"FAM171B","membrane"
"ATP8B4","membrane"
"IL2RG","membrane"
"CD5","membrane"
"AMIGO2","membrane"
"FAR2","membrane"
"OLR1","membrane"
"LOC101119648","membrane"
"GPR15","membrane"
"TMTC1","membrane"
"ST3GAL5","membrane"
"BMPR1B","membrane"
"SLITRK6","membrane"
"LOC101120701","membrane"
"MFNG","membrane"
"TLR3","membrane"
"MRAS","membrane"
"GALNT8","membrane"
"PTGS1","membrane"
"SEMA4F","membrane"
"TMEM100","membrane"
"SYT11","membrane"
"IL7R","membrane"
"ENG","membrane"
"LAMP3","membrane"
"AP3M2","membrane"
"GPR75","membrane"
"LOC101119706","membrane"
"UCP2","membrane"
"DRAM1","membrane"
"EMCN","membrane"
"ST6GAL1","membrane"
"DHRS7","membrane"
"ATP7B","membrane"
